{"stats":{"minecraft:custom":{"minecraft:time_since_rest":88822,"minecraft:sprint_one_cm":39119,"minecraft:walk_one_cm":63735,"minecraft:damage_taken":560,"minecraft:open_enderchest":1,"minecraft:mob_kills":7,"minecraft:drop":3,"minecraft:damage_dealt":1202,"minecraft:fly_one_cm":1040469,"minecraft:open_barrel":3,"minecraft:open_chest":1,"minecraft:crouch_one_cm":2591,"minecraft:play_time":343187,"minecraft:sneak_time":5674,"minecraft:deaths":2,"minecraft:jump":558,"minecraft:leave_game":11,"minecraft:walk_on_water_one_cm":253,"minecraft:time_since_death":88775,"minecraft:total_world_time":343187,"minecraft:fall_one_cm":4501},"minecraft:killed":{"minecraft:wolf":1,"minecraft:pillager":2,"minecraft:chicken":1,"minecraft:skeleton":1},"minecraft:used":{"minecraft:oak_log":7,"minecraft:light":19,"minecraft:stone_sword":2,"minecraft:lantern":4,"minecraft:grass_block":6,"minecraft:chicken":1,"minecraft:spruce_slab":5,"minecraft:barrier":178,"minecraft:quartz_block":2,"minecraft:spruce_planks":6,"minecraft:barrel":5,"minecraft:glowstone":1,"minecraft:cobblestone":34,"minecraft:spruce_stairs":11,"minecraft:stone_brick_wall":3,"minecraft:sea_lantern":6,"minecraft:splash_potion":19,"minecraft:wooden_axe":3,"minecraft:netherite_sword":9},"minecraft:picked_up":{"minecraft:wooden_axe":1,"minecraft:lime_shulker_box":1,"minecraft:yellow_shulker_box":1,"minecraft:barrier":64,"minecraft:orange_shulker_box":1,"minecraft:ominous_bottle":1,"minecraft:splash_potion":1,"minecraft:chicken":1,"minecraft:light_gray_shulker_box":1,"minecraft:purple_shulker_box":1,"minecraft:magenta_shulker_box":1,"minecraft:light":64,"minecraft:cyan_shulker_box":1,"minecraft:white_banner":1,"minecraft:arrow":1,"minecraft:bone":2,"minecraft:red_shulker_box":1,"minecraft:stone_axe":1,"minecraft:black_shulker_box":1},"minecraft:dropped":{"minecraft:netherite_pickaxe":2,"minecraft:stone_axe":1}},"DataVersion":4189}