{"stats":{"minecraft:custom":{"minecraft:time_since_rest":11358,"minecraft:sprint_one_cm":128391,"minecraft:open_enderchest":1,"minecraft:damage_taken":1728,"minecraft:walk_one_cm":61290,"minecraft:damage_dealt":162,"minecraft:swim_one_cm":3234,"minecraft:fly_one_cm":477078,"minecraft:crouch_one_cm":1358,"minecraft:open_shulker_box":5,"minecraft:play_time":42300,"minecraft:deaths":7,"minecraft:sneak_time":708,"minecraft:walk_under_water_one_cm":365,"minecraft:jump":892,"minecraft:leave_game":7,"minecraft:walk_on_water_one_cm":10656,"minecraft:time_since_death":11310,"minecraft:total_world_time":42300,"minecraft:fall_one_cm":32638},"minecraft:used":{"minecraft:water_bucket":1,"minecraft:barrier":13,"minecraft:oak_planks":8,"minecraft:spruce_trapdoor":1,"minecraft:sugar_cane":9,"minecraft:glowstone":1,"minecraft:cobblestone":10,"minecraft:potion":1,"minecraft:netherite_pickaxe":41,"minecraft:yellow_concrete":1,"minecraft:cod_bucket":46},"minecraft:killed_by":{"minecraft:player":1,"minecraft:wolf":1,"minecraft:creeper":1,"minecraft:spider":1},"minecraft:picked_up":{"minecraft:oak_log":2,"minecraft:redstone":31,"minecraft:netherite_pickaxe":2,"minecraft:dirt":9,"minecraft:raw_copper":9,"minecraft:diamond":3,"minecraft:wheat_seeds":1,"minecraft:raw_gold":5,"minecraft:emerald":2,"minecraft:glowstone_dust":6,"minecraft:oak_sapling":1,"minecraft:moss_block":2,"minecraft:sugar_cane":9,"minecraft:spruce_trapdoor":1,"minecraft:coal":2,"minecraft:cobblestone":13},"minecraft:crafted":{"minecraft:oak_planks":8,"minecraft:glowstone":1},"minecraft:mined":{"minecraft:diamond_ore":3,"minecraft:redstone_ore":7,"minecraft:glowstone":2,"minecraft:dark_oak_leaves":1,"minecraft:spruce_trapdoor":1,"minecraft:short_grass":11,"minecraft:coal_ore":2,"minecraft:emerald_ore":2,"minecraft:grass_block":3,"minecraft:oak_log":2,"minecraft:dirt":7,"minecraft:copper_ore":3,"minecraft:cobblestone":2,"minecraft:stone":9,"minecraft:moss_block":2,"minecraft:sugar_cane":3,"minecraft:gold_ore":5,"minecraft:oak_leaves":2}},"DataVersion":4189}