{"stats":{"minecraft:custom":{"minecraft:jump":55,"minecraft:crouch_one_cm":44,"minecraft:time_since_rest":9165,"minecraft:walk_on_water_one_cm":369,"minecraft:play_time":23693,"minecraft:damage_taken":741,"minecraft:leave_game":5,"minecraft:sprint_one_cm":4869,"minecraft:walk_one_cm":6376,"minecraft:time_since_death":5240,"minecraft:deaths":3,"minecraft:sneak_time":54,"minecraft:total_world_time":23693,"minecraft:walk_under_water_one_cm":950,"minecraft:swim_one_cm":187,"minecraft:fall_one_cm":836,"minecraft:fly_one_cm":48421,"minecraft:damage_dealt":10},"minecraft:killed_by":{"minecraft:zombie":1,"minecraft:player":2},"minecraft:mined":{"minecraft:short_grass":11,"minecraft:grass_block":2}},"DataVersion":4189}