{"stats":{"minecraft:used":{"minecraft:stone_sword":1},"minecraft:killed":{"minecraft:slime":1},"minecraft:custom":{"minecraft:jump":128,"minecraft:time_since_rest":21822,"minecraft:walk_on_water_one_cm":122,"minecraft:damage_dealt":197,"minecraft:crouch_one_cm":203,"minecraft:sprint_one_cm":15838,"minecraft:leave_game":2,"minecraft:play_time":21822,"minecraft:damage_taken":125,"minecraft:time_since_death":21822,"minecraft:walk_one_cm":15058,"minecraft:sneak_time":2453,"minecraft:total_world_time":21822,"minecraft:walk_under_water_one_cm":79,"minecraft:mob_kills":2,"minecraft:fall_one_cm":1673,"minecraft:fly_one_cm":156378,"minecraft:player_kills":1}},"DataVersion":4189}