{"stats":{"minecraft:used":{"minecraft:oak_leaves":8,"minecraft:stone_sword":23,"minecraft:sugar_cane":403},"minecraft:custom":{"minecraft:jump":84,"minecraft:time_since_rest":17694,"minecraft:damage_dealt":297,"minecraft:crouch_one_cm":202,"minecraft:leave_game":1,"minecraft:sprint_one_cm":21043,"minecraft:play_time":17694,"minecraft:walk_on_water_one_cm":4537,"minecraft:time_since_death":17694,"minecraft:walk_one_cm":6813,"minecraft:sneak_time":531,"minecraft:total_world_time":17694,"minecraft:walk_under_water_one_cm":641,"minecraft:swim_one_cm":1844,"minecraft:fly_one_cm":396702,"minecraft:player_kills":2},"minecraft:picked_up":{"minecraft:sugar_cane":264}},"DataVersion":4189}