{"minecraft:recipes/decorations/torch":{"criteria":{"has_stone_pickaxe":"2025-04-08 14:13:44 +0000"},"done":true},"minecraft:story/upgrade_tools":{"criteria":{"stone_pickaxe":"2025-04-08 14:13:44 +0000"},"done":true},"minecraft:recipes/decorations/crafting_table":{"criteria":{"unlock_right_away":"2025-04-08 14:13:44 +0000"},"done":true},"minecraft:adventure/adventuring_time":{"criteria":{"minecraft:old_growth_birch_forest":"2025-04-09 14:18:16 +0000","minecraft:beach":"2025-04-09 16:22:45 +0000","minecraft:forest":"2025-04-08 16:05:37 +0000","minecraft:sparse_jungle":"2025-04-09 16:20:34 +0000","minecraft:jungle":"2025-04-09 14:16:36 +0000","minecraft:river":"2025-04-08 21:11:26 +0000","minecraft:birch_forest":"2025-04-09 14:41:15 +0000","minecraft:lush_caves":"2025-04-09 14:42:11 +0000","minecraft:plains":"2025-04-08 14:13:44 +0000"},"done":false},"minecraft:adventure/root":{"criteria":{"killed_something":"2025-04-08 16:06:29 +0000"},"done":true},"minecraft:recipes/redstone/birch_button":{"criteria":{"has_planks":"2025-04-08 18:20:14 +0000"},"done":true},"minecraft:recipes/redstone/birch_door":{"criteria":{"has_planks":"2025-04-08 18:20:14 +0000"},"done":true},"minecraft:recipes/decorations/birch_fence":{"criteria":{"has_planks":"2025-04-08 18:20:14 +0000"},"done":true},"minecraft:recipes/redstone/birch_trapdoor":{"criteria":{"has_planks":"2025-04-08 18:20:14 +0000"},"done":true},"minecraft:recipes/misc/stick":{"criteria":{"has_planks":"2025-04-08 18:20:14 +0000"},"done":true},"minecraft:recipes/decorations/birch_sign":{"criteria":{"has_planks":"2025-04-08 18:20:14 +0000"},"done":true},"minecraft:recipes/redstone/birch_fence_gate":{"criteria":{"has_planks":"2025-04-08 18:20:14 +0000"},"done":true},"minecraft:recipes/decorations/barrel":{"criteria":{"has_planks":"2025-04-08 18:20:14 +0000"},"done":true},"minecraft:recipes/redstone/birch_pressure_plate":{"criteria":{"has_planks":"2025-04-08 18:20:14 +0000"},"done":true},"minecraft:recipes/building_blocks/birch_slab":{"criteria":{"has_planks":"2025-04-08 18:20:14 +0000"},"done":true},"minecraft:recipes/building_blocks/birch_stairs":{"criteria":{"has_planks":"2025-04-08 18:20:14 +0000"},"done":true},"minecraft:recipes/building_blocks/stone_bricks":{"criteria":{"has_stone":"2025-04-08 18:27:28 +0000"},"done":true},"minecraft:recipes/building_blocks/stone_brick_slab_from_stone_stonecutting":{"criteria":{"has_stone":"2025-04-08 18:27:28 +0000"},"done":true},"minecraft:recipes/building_blocks/stone_brick_stairs_from_stone_stonecutting":{"criteria":{"has_stone":"2025-04-08 18:27:28 +0000"},"done":true},"minecraft:recipes/building_blocks/stone_slab_from_stone_stonecutting":{"criteria":{"has_stone":"2025-04-08 18:27:28 +0000"},"done":true},"minecraft:recipes/building_blocks/stone_bricks_from_stone_stonecutting":{"criteria":{"has_stone":"2025-04-08 18:27:28 +0000"},"done":true},"minecraft:recipes/building_blocks/stone_slab":{"criteria":{"has_stone":"2025-04-08 18:27:28 +0000"},"done":true},"minecraft:recipes/building_blocks/chiseled_stone_bricks_stone_from_stonecutting":{"criteria":{"has_stone":"2025-04-08 18:27:28 +0000"},"done":true},"minecraft:recipes/building_blocks/stone_stairs_from_stone_stonecutting":{"criteria":{"has_stone":"2025-04-08 18:27:28 +0000"},"done":true},"minecraft:recipes/redstone/stone_button":{"criteria":{"has_stone":"2025-04-08 18:27:28 +0000"},"done":true},"minecraft:recipes/decorations/stonecutter":{"criteria":{"has_stone":"2025-04-08 18:27:28 +0000"},"done":true},"minecraft:recipes/redstone/stone_pressure_plate":{"criteria":{"has_stone":"2025-04-08 18:27:28 +0000"},"done":true},"minecraft:recipes/building_blocks/smooth_stone":{"criteria":{"has_stone":"2025-04-08 18:27:28 +0000"},"done":true},"minecraft:recipes/decorations/stone_brick_walls_from_stone_stonecutting":{"criteria":{"has_stone":"2025-04-08 18:27:28 +0000"},"done":true},"minecraft:recipes/building_blocks/stone_stairs":{"criteria":{"has_stone":"2025-04-08 18:27:28 +0000"},"done":true},"minecraft:recipes/misc/iron_ingot_from_smelting_iron_ore":{"criteria":{"has_iron_ore":"2025-04-08 18:27:31 +0000"},"done":true},"minecraft:recipes/misc/iron_ingot_from_blasting_iron_ore":{"criteria":{"has_iron_ore":"2025-04-08 18:27:31 +0000"},"done":true},"minecraft:recipes/misc/gold_ingot_from_blasting_gold_ore":{"criteria":{"has_gold_ore":"2025-04-08 18:27:33 +0000"},"done":true},"minecraft:recipes/misc/gold_ingot_from_smelting_gold_ore":{"criteria":{"has_gold_ore":"2025-04-08 18:27:33 +0000"},"done":true},"minecraft:recipes/misc/diamond_from_smelting_diamond_ore":{"criteria":{"has_diamond_ore":"2025-04-08 18:27:36 +0000"},"done":true},"minecraft:recipes/misc/diamond_from_blasting_diamond_ore":{"criteria":{"has_diamond_ore":"2025-04-08 18:27:36 +0000"},"done":true},"minecraft:recipes/misc/lapis_lazuli_from_blasting_lapis_ore":{"criteria":{"has_lapis_ore":"2025-04-08 18:27:40 +0000"},"done":true},"minecraft:recipes/misc/lapis_lazuli_from_smelting_lapis_ore":{"criteria":{"has_lapis_ore":"2025-04-08 18:27:40 +0000"},"done":true},"minecraft:recipes/misc/coal_from_blasting_coal_ore":{"criteria":{"has_coal_ore":"2025-04-08 18:27:41 +0000"},"done":true},"minecraft:recipes/misc/coal_from_smelting_coal_ore":{"criteria":{"has_coal_ore":"2025-04-08 18:27:41 +0000"},"done":true},"minecraft:recipes/redstone/redstone_from_smelting_redstone_ore":{"criteria":{"has_redstone_ore":"2025-04-08 18:27:48 +0000"},"done":true},"minecraft:recipes/redstone/redstone_from_blasting_redstone_ore":{"criteria":{"has_redstone_ore":"2025-04-08 18:27:48 +0000"},"done":true},"minecraft:recipes/misc/copper_ingot_from_smelting_copper_ore":{"criteria":{"has_copper_ore":"2025-04-08 18:27:52 +0000"},"done":true},"minecraft:recipes/decorations/chest":{"criteria":{"has_lots_of_items":"2025-04-08 18:27:52 +0000"},"done":true},"minecraft:recipes/misc/copper_ingot_from_blasting_copper_ore":{"criteria":{"has_copper_ore":"2025-04-08 18:27:52 +0000"},"done":true},"minecraft:recipes/misc/emerald_from_smelting_emerald_ore":{"criteria":{"has_emerald_ore":"2025-04-08 18:27:56 +0000"},"done":true},"minecraft:recipes/misc/emerald_from_blasting_emerald_ore":{"criteria":{"has_emerald_ore":"2025-04-08 18:27:56 +0000"},"done":true},"minecraft:recipes/redstone/redstone_lamp":{"criteria":{"has_glowstone":"2025-04-08 19:42:25 +0000"},"done":true},"minecraft:adventure/kill_all_mobs":{"criteria":{"minecraft:pillager":"2025-04-08 21:46:58 +0000","minecraft:skeleton":"2025-04-08 21:41:24 +0000","minecraft:spider":"2025-04-08 20:40:24 +0000"},"done":false},"minecraft:adventure/kill_a_mob":{"criteria":{"minecraft:spider":"2025-04-08 20:40:24 +0000"},"done":true},"minecraft:recipes/misc/diamond":{"criteria":{"has_diamond_block":"2025-04-08 21:10:41 +0000"},"done":true},"minecraft:recipes/misc/emerald":{"criteria":{"has_emerald_block":"2025-04-08 21:10:42 +0000"},"done":true},"minecraft:recipes/misc/gold_ingot_from_gold_block":{"criteria":{"has_gold_block":"2025-04-08 21:10:43 +0000"},"done":true},"minecraft:recipes/misc/iron_ingot_from_iron_block":{"criteria":{"has_iron_block":"2025-04-08 21:10:44 +0000"},"done":true},"minecraft:recipes/decorations/anvil":{"criteria":{"has_iron_block":"2025-04-08 21:10:44 +0000"},"done":true},"minecraft:recipes/misc/lapis_lazuli":{"criteria":{"has_lapis_block":"2025-04-08 21:10:45 +0000"},"done":true},"minecraft:recipes/misc/raw_copper":{"criteria":{"has_raw_copper_block":"2025-04-08 21:10:46 +0000"},"done":true},"minecraft:recipes/transportation/mangrove_boat":{"criteria":{"in_water":"2025-04-08 21:10:56 +0000"},"done":true},"minecraft:recipes/transportation/acacia_boat":{"criteria":{"in_water":"2025-04-08 21:10:56 +0000"},"done":true},"minecraft:recipes/transportation/cherry_boat":{"criteria":{"in_water":"2025-04-08 21:10:56 +0000"},"done":true},"minecraft:recipes/transportation/pale_oak_boat":{"criteria":{"in_water":"2025-04-08 21:10:56 +0000"},"done":true},"minecraft:recipes/transportation/bamboo_raft":{"criteria":{"in_water":"2025-04-08 21:10:56 +0000"},"done":true},"minecraft:recipes/transportation/spruce_boat":{"criteria":{"in_water":"2025-04-08 21:10:56 +0000"},"done":true},"minecraft:recipes/transportation/birch_boat":{"criteria":{"in_water":"2025-04-08 21:10:56 +0000"},"done":true},"minecraft:recipes/transportation/oak_boat":{"criteria":{"in_water":"2025-04-08 21:10:56 +0000"},"done":true},"minecraft:recipes/transportation/jungle_boat":{"criteria":{"in_water":"2025-04-08 21:10:56 +0000"},"done":true},"minecraft:recipes/transportation/dark_oak_boat":{"criteria":{"in_water":"2025-04-08 21:10:56 +0000"},"done":true},"minecraft:recipes/redstone/lever":{"criteria":{"has_cobblestone":"2025-04-08 21:11:52 +0000"},"done":true},"minecraft:recipes/combat/stone_sword":{"criteria":{"has_cobblestone":"2025-04-08 21:11:52 +0000"},"done":true},"minecraft:recipes/decorations/cobblestone_wall":{"criteria":{"has_cobblestone":"2025-04-08 21:11:52 +0000"},"done":true},"minecraft:recipes/tools/stone_pickaxe":{"criteria":{"has_cobblestone":"2025-04-08 21:11:52 +0000"},"done":true},"minecraft:recipes/tools/stone_axe":{"criteria":{"has_cobblestone":"2025-04-08 21:11:52 +0000"},"done":true},"minecraft:story/mine_stone":{"criteria":{"get_stone":"2025-04-08 21:11:52 +0000"},"done":true},"minecraft:recipes/decorations/furnace":{"criteria":{"has_cobblestone":"2025-04-08 21:11:52 +0000"},"done":true},"minecraft:recipes/building_blocks/cobblestone_slab":{"criteria":{"has_cobblestone":"2025-04-08 21:11:52 +0000"},"done":true},"minecraft:recipes/building_blocks/cobblestone_slab_from_cobblestone_stonecutting":{"criteria":{"has_cobblestone":"2025-04-08 21:11:52 +0000"},"done":true},"minecraft:recipes/building_blocks/stone":{"criteria":{"has_cobblestone":"2025-04-08 21:11:52 +0000"},"done":true},"minecraft:recipes/decorations/cobblestone_wall_from_cobblestone_stonecutting":{"criteria":{"has_cobblestone":"2025-04-08 21:11:52 +0000"},"done":true},"minecraft:recipes/building_blocks/cobblestone_stairs_from_cobblestone_stonecutting":{"criteria":{"has_cobblestone":"2025-04-08 21:11:52 +0000"},"done":true},"minecraft:recipes/building_blocks/cobblestone_stairs":{"criteria":{"has_cobblestone":"2025-04-08 21:11:52 +0000"},"done":true},"minecraft:recipes/tools/stone_hoe":{"criteria":{"has_cobblestone":"2025-04-08 21:11:52 +0000"},"done":true},"minecraft:recipes/tools/stone_shovel":{"criteria":{"has_cobblestone":"2025-04-08 21:11:52 +0000"},"done":true},"minecraft:recipes/misc/bone_meal":{"criteria":{"has_bone":"2025-04-08 21:41:25 +0000"},"done":true},"minecraft:recipes/food/cooked_chicken_from_campfire_cooking":{"criteria":{"has_chicken":"2025-04-08 21:43:49 +0000"},"done":true},"minecraft:recipes/food/cooked_chicken":{"criteria":{"has_chicken":"2025-04-08 21:43:49 +0000"},"done":true},"minecraft:recipes/food/cooked_chicken_from_smoking":{"criteria":{"has_chicken":"2025-04-08 21:43:49 +0000"},"done":true},"minecraft:husbandry/balanced_diet":{"criteria":{"chicken":"2025-04-08 21:43:52 +0000"},"done":false},"minecraft:husbandry/root":{"criteria":{"consumed_item":"2025-04-08 21:43:52 +0000"},"done":true},"minecraft:adventure/voluntary_exile":{"criteria":{"voluntary_exile":"2025-04-08 21:46:58 +0000"},"done":true},"minecraft:recipes/redstone/spruce_button":{"criteria":{"has_planks":"2025-04-09 14:32:47 +0000"},"done":true},"minecraft:recipes/redstone/spruce_pressure_plate":{"criteria":{"has_planks":"2025-04-09 14:32:47 +0000"},"done":true},"minecraft:recipes/decorations/spruce_sign":{"criteria":{"has_planks":"2025-04-09 14:32:47 +0000"},"done":true},"minecraft:recipes/redstone/spruce_trapdoor":{"criteria":{"has_planks":"2025-04-09 14:32:47 +0000"},"done":true},"minecraft:recipes/redstone/spruce_door":{"criteria":{"has_planks":"2025-04-09 14:32:47 +0000"},"done":true},"minecraft:recipes/redstone/spruce_fence_gate":{"criteria":{"has_planks":"2025-04-09 14:32:47 +0000"},"done":true},"minecraft:recipes/decorations/spruce_fence":{"criteria":{"has_planks":"2025-04-09 14:32:47 +0000"},"done":true},"minecraft:recipes/building_blocks/spruce_stairs":{"criteria":{"has_planks":"2025-04-09 14:32:47 +0000"},"done":true},"minecraft:recipes/building_blocks/spruce_slab":{"criteria":{"has_planks":"2025-04-09 14:32:47 +0000"},"done":true},"minecraft:recipes/decorations/composter":{"criteria":{"has_wood_slab":"2025-04-09 14:33:00 +0000"},"done":true},"minecraft:recipes/misc/charcoal":{"criteria":{"has_log":"2025-04-09 14:33:36 +0000"},"done":true},"minecraft:recipes/building_blocks/oak_planks":{"criteria":{"has_logs":"2025-04-09 14:33:36 +0000"},"done":true},"minecraft:recipes/building_blocks/oak_wood":{"criteria":{"has_log":"2025-04-09 14:33:36 +0000"},"done":true},"minecraft:recipes/misc/lime_dye_from_smelting":{"criteria":{"has_sea_pickle":"2025-04-09 14:34:58 +0000"},"done":true},"minecraft:recipes/building_blocks/quartz_stairs":{"criteria":{"has_quartz_block":"2025-04-09 14:38:24 +0000"},"done":true},"minecraft:recipes/building_blocks/smooth_quartz":{"criteria":{"has_quartz_block":"2025-04-09 14:38:24 +0000"},"done":true},"minecraft:recipes/building_blocks/quartz_slab":{"criteria":{"has_quartz_block":"2025-04-09 14:38:24 +0000"},"done":true},"minecraft:recipes/building_blocks/chiseled_quartz_block":{"criteria":{"has_quartz_block":"2025-04-09 14:38:24 +0000"},"done":true},"minecraft:recipes/building_blocks/quartz_bricks":{"criteria":{"has_quartz_block":"2025-04-09 14:38:24 +0000"},"done":true},"minecraft:recipes/building_blocks/quartz_bricks_from_quartz_block_stonecutting":{"criteria":{"has_quartz_block":"2025-04-09 14:38:24 +0000"},"done":true},"minecraft:recipes/building_blocks/chiseled_quartz_block_from_quartz_block_stonecutting":{"criteria":{"has_quartz_block":"2025-04-09 14:38:24 +0000"},"done":true},"minecraft:recipes/building_blocks/quartz_pillar_from_quartz_block_stonecutting":{"criteria":{"has_quartz_block":"2025-04-09 14:38:24 +0000"},"done":true},"minecraft:recipes/building_blocks/quartz_slab_from_stonecutting":{"criteria":{"has_quartz_block":"2025-04-09 14:38:24 +0000"},"done":true},"minecraft:recipes/building_blocks/quartz_pillar":{"criteria":{"has_quartz_block":"2025-04-09 14:38:24 +0000"},"done":true},"minecraft:recipes/building_blocks/quartz_stairs_from_quartz_block_stonecutting":{"criteria":{"has_quartz_block":"2025-04-09 14:38:24 +0000"},"done":true},"minecraft:recipes/decorations/red_shulker_box":{"criteria":{"has_shulker_box":"2025-04-09 16:14:45 +0000"},"done":true},"minecraft:recipes/decorations/yellow_shulker_box":{"criteria":{"has_shulker_box":"2025-04-09 16:14:45 +0000"},"done":true},"minecraft:recipes/decorations/gray_shulker_box":{"criteria":{"has_shulker_box":"2025-04-09 16:14:45 +0000"},"done":true},"minecraft:recipes/decorations/lime_shulker_box":{"criteria":{"has_shulker_box":"2025-04-09 16:14:45 +0000"},"done":true},"minecraft:recipes/decorations/purple_shulker_box":{"criteria":{"has_shulker_box":"2025-04-09 16:14:45 +0000"},"done":true},"minecraft:recipes/decorations/pink_shulker_box":{"criteria":{"has_shulker_box":"2025-04-09 16:14:45 +0000"},"done":true},"minecraft:recipes/decorations/cyan_shulker_box":{"criteria":{"has_shulker_box":"2025-04-09 16:14:45 +0000"},"done":true},"minecraft:recipes/decorations/white_shulker_box":{"criteria":{"has_shulker_box":"2025-04-09 16:14:45 +0000"},"done":true},"minecraft:recipes/decorations/green_shulker_box":{"criteria":{"has_shulker_box":"2025-04-09 16:14:45 +0000"},"done":true},"minecraft:recipes/decorations/brown_shulker_box":{"criteria":{"has_shulker_box":"2025-04-09 16:14:45 +0000"},"done":true},"minecraft:recipes/decorations/light_blue_shulker_box":{"criteria":{"has_shulker_box":"2025-04-09 16:14:45 +0000"},"done":true},"minecraft:recipes/decorations/magenta_shulker_box":{"criteria":{"has_shulker_box":"2025-04-09 16:14:45 +0000"},"done":true},"minecraft:recipes/decorations/light_gray_shulker_box":{"criteria":{"has_shulker_box":"2025-04-09 16:14:45 +0000"},"done":true},"minecraft:recipes/decorations/blue_shulker_box":{"criteria":{"has_shulker_box":"2025-04-09 16:14:45 +0000"},"done":true},"minecraft:recipes/decorations/orange_shulker_box":{"criteria":{"has_shulker_box":"2025-04-09 16:14:45 +0000"},"done":true},"minecraft:recipes/decorations/black_shulker_box":{"criteria":{"has_shulker_box":"2025-04-09 16:14:45 +0000"},"done":true},"minecraft:adventure/minecraft_trials_edition":{"criteria":{"minecraft_trials_edition":"2025-04-09 16:25:44 +0000"},"done":true},"minecraft:nether/explore_nether":{"criteria":{"minecraft:nether_wastes":"2025-04-10 15:50:39 +0000"},"done":false},"minecraft:nether/root":{"criteria":{"entered_nether":"2025-04-10 15:50:39 +0000"},"done":true},"minecraft:recipes/misc/netherite_scrap_from_blasting":{"criteria":{"has_ancient_debris":"2025-04-10 15:58:35 +0000"},"done":true},"minecraft:story/enter_the_nether":{"criteria":{"entered_nether":"2025-04-10 15:50:39 +0000"},"done":true},"minecraft:recipes/misc/quartz":{"criteria":{"has_nether_quartz_ore":"2025-04-10 15:58:28 +0000"},"done":true},"minecraft:recipes/misc/netherite_scrap":{"criteria":{"has_ancient_debris":"2025-04-10 15:58:35 +0000"},"done":true},"minecraft:nether/obtain_ancient_debris":{"criteria":{"ancient_debris":"2025-04-10 15:58:35 +0000"},"done":true},"minecraft:recipes/misc/quartz_from_blasting":{"criteria":{"has_nether_quartz_ore":"2025-04-10 15:58:28 +0000"},"done":true},"DataVersion":4189}