{"minecraft:recipes/transportation/mangrove_boat":{"criteria":{"in_water":"2025-04-08 21:09:59 +0000"},"done":true},"minecraft:recipes/decorations/torch":{"criteria":{"has_stone_pickaxe":"2025-04-08 21:08:02 +0000"},"done":true},"minecraft:recipes/misc/sugar_from_sugar_cane":{"criteria":{"has_sugar_cane":"2025-04-08 21:10:09 +0000"},"done":true},"minecraft:story/upgrade_tools":{"criteria":{"stone_pickaxe":"2025-04-08 21:08:02 +0000"},"done":true},"minecraft:recipes/decorations/crafting_table":{"criteria":{"unlock_right_away":"2025-04-08 21:08:02 +0000"},"done":true},"minecraft:recipes/transportation/acacia_boat":{"criteria":{"in_water":"2025-04-08 21:09:59 +0000"},"done":true},"minecraft:recipes/transportation/cherry_boat":{"criteria":{"in_water":"2025-04-08 21:09:59 +0000"},"done":true},"minecraft:adventure/root":{"criteria":{"killed_something":"2025-04-08 21:12:29 +0000"},"done":true},"minecraft:recipes/transportation/pale_oak_boat":{"criteria":{"in_water":"2025-04-08 21:09:59 +0000"},"done":true},"minecraft:adventure/adventuring_time":{"criteria":{"minecraft:forest":"2025-04-08 21:08:45 +0000","minecraft:river":"2025-04-08 21:09:58 +0000","minecraft:plains":"2025-04-08 21:08:03 +0000"},"done":false},"minecraft:recipes/transportation/bamboo_raft":{"criteria":{"in_water":"2025-04-08 21:09:59 +0000"},"done":true},"minecraft:recipes/transportation/spruce_boat":{"criteria":{"in_water":"2025-04-08 21:09:59 +0000"},"done":true},"minecraft:recipes/transportation/birch_boat":{"criteria":{"in_water":"2025-04-08 21:09:59 +0000"},"done":true},"minecraft:recipes/transportation/oak_boat":{"criteria":{"in_water":"2025-04-08 21:09:59 +0000"},"done":true},"minecraft:recipes/misc/paper":{"criteria":{"has_reeds":"2025-04-08 21:10:09 +0000"},"done":true},"minecraft:recipes/transportation/jungle_boat":{"criteria":{"in_water":"2025-04-08 21:09:59 +0000"},"done":true},"minecraft:recipes/transportation/dark_oak_boat":{"criteria":{"in_water":"2025-04-08 21:09:59 +0000"},"done":true},"DataVersion":4189}